ID,price
7000,162
7001,150
7002,100
7003,131
7004,120
7005,95
7006,94
7007,171
7008,85
7009,334
7010,231
7011,217
7012,126
7013,339
7014,178
7015,192
7016,169
7017,127
7018,289
7019,339
7020,305
7021,489
7022,294
7023,164
7024,188
7025,189
7026,193
7027,164
7028,269
7029,346
7030,70
7031,238
7032,51
7033,105
7034,65
7035,121
7036,241
7037,250
7038,208
7039,224
7040,627
7041,220
7042,137
7043,207
7044,70
7045,435
7046,74
7047,161
7048,139
7049,79
7050,183
7051,351
7052,157
7053,156
7054,355
7055,160
7056,155
7057,172
7058,138
7059,344
7060,314
7061,266
7062,108
7063,203
7064,109
7065,74
7066,172
7067,135
7068,46
7069,46
7070,141
7071,228
7072,72
7073,594
7074,171
7075,224
7076,221
7077,129
7078,64
7079,80
7080,231
7081,203
7082,119
7083,149
7084,66
7085,195
7086,243
7087,181
7088,114
7089,324
7090,332
7091,174
7092,212
7093,155
7094,157
7095,377
7096,163
7097,436
7098,259
7099,111
7100,310
7101,184
7102,97
7103,161
7104,164
7105,153
7106,235
7107,206
7108,136
7109,175
7110,114
7111,223
7112,252
7113,257
7114,174
7115,407
7116,450
7117,175
7118,301
7119,231
7120,206
7121,826
7122,304
7123,228
7124,230
7125,73
7126,148
7127,282
7128,188
7129,287
7130,101
7131,84
7132,558
7133,485
7134,212
7135,73
7136,225
7137,242
7138,117
7139,173
7140,81
7141,178
7142,319
7143,143
7144,67
7145,437
7146,285
7147,144
7148,64
7149,600
7150,408
7151,194
7152,322
7153,163
7154,186
7155,212
7156,188
7157,211
7158,182
7159,171
7160,152
7161,129
7162,164
7163,58
7164,215
7165,474
7166,112
7167,271
7168,313
7169,350
7170,137
7171,131
7172,89
7173,61
7174,213
7175,239
7176,486
7177,311
7178,132
7179,252
7180,245
7181,237
7182,261
7183,353
7184,62
7185,201
7186,656
7187,147
7188,393
7189,249
7190,60
7191,55
7192,240
7193,124
7194,258
7195,135
7196,57
7197,144
7198,307
7199,211
7200,112
7201,144
7202,261
7203,262
7204,138
7205,121
7206,117
7207,367
7208,148
7209,144
7210,552
7211,187
7212,267
7213,396
7214,192
7215,129
7216,286
7217,146
7218,184
7219,229
7220,107
7221,225
7222,288
7223,154
7224,175
7225,187
7226,218
7227,173
7228,74
7229,354
7230,160
7231,221
7232,97
7233,74
7234,100
7235,63
7236,247
7237,493
7238,291
7239,94
7240,179
7241,139
7242,223
7243,216
7244,302
7245,146
7246,187
7247,697
7248,140
7249,100
7250,255
7251,142
7252,261
7253,236
7254,164
7255,167
7256,383
7257,285
7258,210
7259,255
7260,289
7261,112
7262,140
7263,119
7264,124
7265,126
7266,156
7267,316
7268,320
7269,146
7270,129
7271,325
7272,282
7273,197
7274,150
7275,340
7276,281
7277,175
7278,190
7279,206
7280,235
7281,92
7282,83
7283,195
7284,198
7285,149
7286,149
7287,555
7288,239
7289,242
7290,199
7291,175
7292,119
7293,132
7294,650
7295,334
7296,291
7297,204
7298,137
7299,365
7300,198
7301,71
7302,69
7303,88
7304,188
7305,133
7306,240
7307,165
7308,79
7309,148
7310,203
7311,221
7312,203
7313,475
7314,353
7315,233
7316,154
7317,144
7318,127
7319,297
7320,173
7321,208
7322,682
7323,306
7324,145
7325,206
7326,340
7327,400
7328,60
7329,171
7330,172
7331,81
7332,417
7333,359
7334,244
7335,295
7336,156
7337,515
7338,191
7339,159
7340,170
7341,187
7342,204
7343,294
7344,236
7345,270
7346,287
7347,171
7348,113
7349,167
7350,106
7351,74
7352,231
7353,158
7354,120
7355,148
7356,123
7357,327
7358,223
7359,353
7360,199
7361,351
7362,189
7363,192
7364,150
7365,202
7366,214
7367,236
7368,302
7369,108
7370,165
7371,182
7372,144
7373,188
7374,202
7375,99
7376,268
7377,463
7378,144
7379,134
7380,276
7381,156
7382,207
7383,276
7384,197
7385,238
7386,176
7387,402
7388,553
7389,133
7390,538
7391,55
7392,186
7393,698
7394,384
7395,178
7396,238
7397,236
7398,207
7399,139
7400,288
7401,115
7402,69
7403,572
7404,52
7405,129
7406,199
7407,91
7408,248
7409,133
7410,91
7411,163
7412,190
7413,200
7414,136
7415,191
7416,119
7417,149
7418,444
7419,171
7420,116
7421,164
7422,381
7423,213
7424,195
7425,212
7426,203
7427,171
7428,190
7429,57
7430,207
7431,63
7432,333
7433,198
7434,149
7435,185
7436,73
7437,135
7438,183
7439,66
7440,57
7441,104
7442,83
7443,170
7444,172
7445,135
7446,229
7447,293
7448,398
7449,80
7450,546
7451,90
7452,145
7453,221
7454,180
7455,125
7456,130
7457,115
7458,190
7459,301
7460,142
7461,148
7462,123
7463,246
7464,255
7465,236
7466,208
7467,204
7468,196
7469,392
7470,154
7471,410
7472,269
7473,197
7474,504
7475,309
7476,127
7477,58
7478,141
7479,191
7480,229
7481,163
7482,197
7483,128
7484,74
7485,63
7486,90
7487,266
7488,124
7489,179
7490,248
7491,221
7492,158
7493,277
7494,394
7495,87
7496,601
7497,382
7498,118
7499,288
7500,176
7501,436
7502,109
7503,95
7504,299
7505,789
7506,138
7507,177
7508,147
7509,100
7510,130
7511,140
7512,124
7513,166
7514,146
7515,199
7516,146
7517,325
7518,122
7519,128
7520,236
7521,138
7522,351
7523,179
7524,131
7525,154
7526,257
7527,211
7528,209
7529,96
7530,174
7531,201
7532,289
7533,128
7534,206
7535,146
7536,268
7537,330
7538,247
7539,90
7540,74
7541,229
7542,371
7543,209
7544,292
7545,468
7546,323
7547,131
7548,102
7549,186
7550,95
7551,173
7552,253
7553,151
7554,157
7555,149
7556,170
7557,157
7558,101
7559,273
7560,177
7561,268
7562,127
7563,146
7564,200
7565,204
7566,166
7567,113
7568,297
7569,239
7570,135
7571,137
7572,141
7573,211
7574,226
7575,139
7576,262
7577,72
7578,66
7579,157
7580,134
7581,189
7582,240
7583,299
7584,290
7585,229
7586,142
7587,164
7588,178
7589,253
7590,150
7591,136
7592,157
7593,216
7594,178
7595,114
7596,70
7597,294
7598,154
7599,166
7600,193
7601,249
7602,156
7603,218
7604,264
7605,231
7606,166
7607,265
7608,220
7609,216
7610,120
7611,166
7612,757
7613,226
7614,155
7615,265
7616,303
7617,212
7618,91
7619,133
7620,150
7621,190
7622,414
7623,58
7624,180
7625,54
7626,139
7627,169
7628,147
7629,338
7630,165
7631,112
7632,126
7633,196
7634,245
7635,168
7636,165
7637,290
7638,102
7639,111
7640,367
7641,338
7642,111
7643,187
7644,160
7645,253
7646,179
7647,87
7648,142
7649,502
7650,72
7651,63
7652,226
7653,547
7654,131
7655,176
7656,566
7657,133
7658,213
7659,120
7660,162
7661,116
7662,93
7663,440
7664,191
7665,202
7666,107
7667,254
7668,169
7669,161
7670,181
7671,76
7672,213
7673,157
7674,232
7675,153
7676,218
7677,142
7678,383
7679,517
7680,268
7681,314
7682,181
7683,116
7684,207
7685,65
7686,157
7687,70
7688,88
7689,139
7690,98
7691,209
7692,265
7693,252
7694,255
7695,150
7696,312
7697,325
7698,301
7699,262
7700,264
7701,73
7702,180
7703,181
7704,117
7705,139
7706,220
7707,200
7708,151
7709,123
7710,602
7711,144
7712,273
7713,86
7714,182
7715,218
7716,386
7717,211
7718,209
7719,65
7720,135
7721,146
7722,122
7723,511
7724,171
7725,778
7726,196
7727,144
7728,268
7729,169
7730,158
7731,209
7732,175
7733,179
7734,213
7735,530
7736,110
7737,160
7738,174
7739,182
7740,214
7741,128
7742,345
7743,276
7744,267
7745,290
7746,67
7747,486
7748,239
7749,245
7750,206
7751,194
7752,88
7753,140
7754,296
7755,228
7756,181
7757,195
7758,177
7759,439
7760,353
7761,176
7762,355
7763,603
7764,260
7765,87
7766,267
7767,181
7768,177
7769,71
7770,198
7771,502
7772,200
7773,208
7774,226
7775,240
7776,225
7777,256
7778,51
7779,366
7780,285
7781,209
7782,119
7783,145
7784,273
7785,78
7786,245
7787,156
7788,346
7789,570
7790,175
7791,121
7792,154
7793,335
7794,264
7795,137
7796,157
7797,136
7798,160
7799,202
7800,329
7801,221
7802,168
7803,132
7804,208
7805,148
7806,180
7807,337
7808,73
7809,72
7810,206
7811,62
7812,170
7813,286
7814,247
7815,120
7816,184
7817,609
7818,89
7819,119
7820,404
7821,236
7822,182
7823,226
7824,252
7825,153
7826,78
7827,115
7828,72
7829,169
7830,205
7831,110
7832,348
7833,168
7834,190
7835,243
7836,148
7837,71
7838,253
7839,374
7840,130
7841,472
7842,368
7843,294
7844,128
7845,179
7846,257
7847,425
7848,238
7849,290
7850,184
7851,59
7852,179
7853,244
7854,378
7855,173
7856,130
7857,208
7858,83
7859,190
7860,308
7861,355
7862,175
7863,65
7864,181
7865,310
7866,115
7867,94
7868,107
7869,313
7870,122
7871,524
7872,172
7873,168
7874,178
7875,184
7876,168
7877,203
7878,460
7879,323
7880,174
7881,782
7882,399
7883,212
7884,175
7885,213
7886,199
7887,178
7888,61
7889,433
7890,214
7891,129
7892,193
7893,281
7894,180
7895,150
7896,215
7897,277
7898,157
7899,179
7900,292
7901,246
7902,95
7903,78
7904,171
7905,85
7906,151
7907,191
7908,277
7909,60
7910,187
7911,393
7912,134
7913,296
7914,355
7915,535
7916,738
7917,148
7918,165
7919,166
7920,124
7921,174
7922,64
7923,198
7924,202
7925,349
7926,293
7927,182
7928,249
7929,263
7930,520
7931,264
7932,169
7933,120
7934,181
7935,150
7936,130
7937,124
7938,175
7939,143
7940,84
7941,287
7942,139
7943,67
7944,77
7945,157
7946,135
7947,362
7948,236
7949,62
7950,341
7951,219
7952,173
7953,212
7954,325
7955,242
7956,108
7957,385
7958,361
7959,574
7960,98
7961,173
7962,733
7963,169
7964,403
7965,359
7966,341
7967,171
7968,284
7969,148
7970,88
7971,179
7972,269
7973,47
7974,119
7975,277
7976,152
7977,149
7978,90
7979,148
7980,181
7981,146
7982,215
7983,144
7984,84
7985,144
7986,65
7987,249
7988,176
7989,141
7990,229
7991,125
7992,67
7993,146
7994,191
7995,105
7996,288
7997,330
7998,63
7999,150
8000,147
8001,255
8002,221
8003,67
8004,658
8005,191
8006,254
8007,206
8008,291
8009,216
8010,439
8011,264
8012,179
8013,46
8014,159
8015,109
8016,67
8017,334
8018,161
8019,200
8020,560
8021,181
8022,243
8023,539
8024,181
8025,280
8026,198
8027,221
8028,284
8029,182
8030,211
8031,233
8032,193
8033,92
8034,270
8035,272
8036,232
8037,149
8038,138
8039,204
8040,181
8041,360
8042,181
8043,240
8044,211
8045,118
8046,196
8047,189
8048,197
8049,376
8050,219
8051,362
8052,197
8053,381
8054,295
8055,205
8056,192
8057,380
8058,192
8059,168
8060,340
8061,226
8062,234
8063,178
8064,134
8065,128
8066,329
8067,100
8068,243
8069,816
8070,159
8071,42
8072,200
8073,414
8074,162
8075,114
8076,212
8077,239
8078,163
8079,176
8080,65
8081,69
8082,158
8083,234
8084,133
8085,140
8086,124
8087,178
8088,137
8089,155
8090,350
8091,66
8092,747
8093,137
8094,139
8095,176
8096,481
8097,177
8098,355
8099,246
8100,99
8101,204
8102,281
8103,139
8104,256
8105,227
8106,48
8107,276
8108,173
8109,257
8110,255
8111,73
8112,260
8113,153
8114,131
8115,357
8116,61
8117,96
8118,269
8119,77
8120,293
8121,130
8122,209
8123,270
8124,66
8125,248
8126,156
8127,179
8128,168
8129,80
8130,199
8131,195
8132,60
8133,196
8134,218
8135,212
8136,192
8137,289
8138,115
8139,168
8140,350
8141,364
8142,109
8143,60
8144,142
8145,274
8146,235
8147,188
8148,127
8149,416
8150,214
8151,211
8152,346
8153,220
8154,92
8155,220
8156,242
8157,89
8158,212
8159,252
8160,136
8161,440
8162,308
8163,318
8164,161
8165,210
8166,361
8167,346
8168,200
8169,301
8170,235
8171,175
8172,189
8173,307
8174,325
8175,215
8176,320
8177,66
8178,222
8179,132
8180,165
8181,220
8182,179
8183,146
8184,219
8185,222
8186,839
8187,105
8188,282
8189,629
8190,424
8191,235
8192,82
8193,233
8194,208
8195,275
8196,210
8197,283
8198,232
8199,233
8200,229
8201,326
8202,233
8203,137
8204,492
8205,145
8206,262
8207,182
8208,80
8209,167
8210,185
8211,110
8212,225
8213,582
8214,422
8215,167
8216,257
8217,171
8218,165
8219,240
8220,157
8221,262
8222,222
8223,266
8224,143
8225,159
8226,62
8227,470
8228,305
8229,168
8230,261
8231,124
8232,428
8233,187
8234,268
8235,373
8236,270
8237,198
8238,227
8239,302
8240,157
8241,166
8242,173
8243,323
8244,242
8245,498
8246,307
8247,304
8248,291
8249,307
8250,301
8251,79
8252,147
8253,311
8254,225
8255,238
8256,172
8257,188
8258,273
8259,295
8260,136
8261,296
8262,177
8263,220
8264,328
8265,111
8266,204
8267,277
8268,46
8269,145
8270,126
8271,311
8272,68
8273,254
8274,164
8275,182
8276,122
8277,162
8278,107
8279,71
8280,407
8281,392
8282,120
8283,167
8284,159
8285,141
8286,124
8287,194
8288,84
8289,292
8290,248
8291,222
8292,761
8293,123
8294,166
8295,266
8296,169
8297,386
8298,111
8299,75
8300,151
8301,168
8302,137
8303,155
8304,152
8305,107
8306,338
8307,131
8308,235
8309,263
8310,208
8311,109
8312,133
8313,69
8314,298
8315,168
8316,184
8317,427
8318,283
8319,255
8320,296
8321,194
8322,280
8323,393
8324,359
8325,74
8326,243
8327,176
8328,64
8329,231
8330,240
8331,84
8332,73
8333,167
8334,167
8335,129
8336,268
8337,662
8338,72
8339,73
8340,89
8341,213
8342,266
8343,166
8344,183
8345,222
8346,55
8347,166
8348,150
8349,245
8350,356
8351,83
8352,70
8353,235
8354,396
8355,163
8356,936
8357,72
8358,65
8359,71
8360,70
8361,128
8362,85
8363,206
8364,330
8365,358
8366,616
8367,539
8368,65
8369,201
8370,199
8371,224
8372,83
8373,98
8374,205
8375,138
8376,165
8377,178
8378,176
8379,158
8380,251
8381,51
8382,182
8383,363
8384,152
8385,145
8386,800
8387,109
8388,149
8389,200
8390,169
8391,113
8392,63
8393,58
8394,681
8395,335
8396,313
8397,261
8398,294
8399,127
8400,73
8401,112
8402,367
8403,157
8404,209
8405,214
8406,162
8407,267
8408,71
8409,145
8410,356
8411,67
8412,55
8413,243
8414,202
8415,94
8416,390
8417,459
8418,198
8419,86
8420,177
8421,318
8422,294
8423,308
8424,125
8425,153
8426,478
8427,178
8428,64
8429,178
8430,160
8431,139
8432,173
8433,226
8434,238
8435,104
8436,91
8437,110
8438,99
8439,335
8440,146
8441,946
8442,321
8443,485
8444,353
8445,524
8446,373
8447,301
8448,207
8449,171
8450,214
8451,240
8452,147
8453,188
8454,114
8455,148
8456,280
8457,190
8458,168
8459,208
8460,153
8461,142
8462,454
8463,375
8464,71
8465,239
8466,131
8467,255
8468,223
8469,269
8470,111
8471,65
8472,320
8473,237
8474,333
8475,181
8476,133
8477,139
8478,201
8479,125
8480,67
8481,60
8482,158
8483,211
8484,63
8485,191
8486,65
8487,152
8488,314
8489,260
8490,206
8491,224
8492,243
8493,258
8494,188
8495,171
8496,222
8497,82
8498,127
8499,413
8500,135
8501,162
8502,54
8503,210
8504,203
8505,203
8506,149
8507,370
8508,91
8509,309
8510,210
8511,82
8512,163
8513,72
8514,343
8515,242
8516,392
8517,185
8518,340
8519,237
8520,64
8521,244
8522,196
8523,330
8524,74
8525,116
8526,270
8527,355
8528,251
8529,109
8530,117
8531,369
8532,133
8533,74
8534,128
8535,166
8536,164
8537,112
8538,275
8539,52
8540,161
8541,221
8542,285
8543,345
8544,184
8545,256
8546,211
8547,205
8548,51
8549,100
8550,247
8551,319
8552,348
8553,612
8554,195
8555,235
8556,395
8557,284
8558,141
8559,291
8560,364
8561,371
8562,93
8563,147
8564,273
8565,53
8566,431
8567,223
8568,244
8569,188
8570,598
8571,405
8572,171
8573,129
8574,154
8575,69
8576,558
8577,155
8578,308
8579,124
8580,722
8581,272
8582,142
8583,205
8584,154
8585,213
8586,206
8587,228
8588,176
8589,154
8590,70
8591,217
8592,271
8593,399
8594,338
8595,414
8596,107
8597,622
8598,254
8599,255
8600,107
8601,225
8602,186
8603,90
8604,140
8605,192
8606,240
8607,286
8608,295
8609,165
8610,246
8611,158
8612,62
8613,174
8614,222
8615,265
8616,188
8617,361
8618,62
8619,284
8620,206
8621,475
8622,149
8623,132
8624,289
8625,267
8626,266
8627,362
8628,128
8629,115
8630,143
8631,89
8632,179
8633,342
8634,179
8635,328
8636,243
8637,143
8638,146
8639,399
8640,105
8641,288
8642,238
8643,396
8644,234
8645,474
8646,238
8647,510
8648,55
8649,96
8650,185
8651,156
8652,158
8653,135
8654,107
8655,347
8656,210
8657,82
8658,76
8659,191
8660,152
8661,172
8662,106
8663,223
8664,528
8665,277
8666,206
8667,155
8668,179
8669,156
8670,130
8671,251
8672,196
8673,342
8674,62
8675,281
8676,239
8677,222
8678,272
8679,168
8680,129
8681,227
8682,202
8683,70
8684,63
8685,69
8686,250
8687,70
8688,63
8689,451
8690,153
8691,194
8692,240
8693,676
8694,179
8695,181
8696,301
8697,193
8698,324
8699,502
8700,223
8701,122
8702,218
8703,353
8704,155
8705,103
8706,122
8707,198
8708,259
8709,165
8710,110
8711,183
8712,83
8713,80
8714,566
8715,143
8716,299
8717,162
8718,60
8719,52
8720,247
8721,439
8722,194
8723,65
8724,257
8725,227
8726,150
8727,452
8728,74
8729,259
8730,471
8731,149
8732,661
8733,172
8734,141
8735,226
8736,89
8737,98
8738,72
8739,296
8740,638
8741,144
8742,245
8743,203
8744,217
8745,203
8746,164
8747,178
8748,80
8749,880
8750,294
8751,170
8752,158
8753,179
8754,106
8755,286
8756,208
8757,234
8758,290
8759,156
8760,112
8761,143
8762,125
8763,110
8764,202
8765,223
8766,190
8767,120
8768,123
8769,174
8770,279
8771,352
8772,81
8773,53
8774,158
8775,155
8776,155
8777,226
8778,272
8779,167
8780,189
8781,615
8782,257
8783,144
8784,198
8785,123
8786,459
8787,258
8788,236
8789,57
8790,71
8791,283
8792,176
8793,323
8794,107
8795,109
8796,174
8797,249
8798,182
8799,425
8800,152
8801,195
8802,439
8803,344
8804,79
8805,176
8806,161
8807,163
8808,142
8809,67
8810,781
8811,112
8812,186
8813,155
8814,116
8815,120
8816,117
8817,121
8818,134
8819,71
8820,553
8821,209
8822,172
8823,242
8824,133
8825,439
8826,420
8827,427
8828,169
8829,77
8830,113
8831,145
8832,237
8833,101
8834,267
8835,178
8836,313
8837,201
8838,294
8839,178
8840,195
8841,76
8842,189
8843,158
8844,167
8845,270
8846,144
8847,319
8848,230
8849,135
8850,114
8851,258
8852,211
8853,157
8854,232
8855,205
8856,602
8857,202
8858,144
8859,56
8860,260
8861,80
8862,204
8863,159
8864,91
8865,134
8866,160
8867,337
8868,73
8869,162
8870,245
8871,80
8872,63
8873,187
8874,321
8875,156
8876,275
8877,197
8878,132
8879,152
8880,236
8881,191
8882,197
8883,198
8884,212
8885,222
8886,257
8887,109
8888,171
8889,136
8890,318
8891,138
8892,62
8893,309
8894,311
8895,201
8896,307
8897,134
8898,129
8899,85
8900,188
8901,193
8902,212
8903,205
8904,256
8905,175
8906,150
8907,273
8908,133
8909,172
8910,127
8911,181
8912,175
8913,111
8914,238
8915,606
8916,390
8917,162
8918,88
8919,519
8920,153
8921,528
8922,78
8923,416
8924,70
8925,69
8926,264
8927,96
8928,466
8929,162
8930,273
8931,242
8932,62
8933,235
8934,128
8935,252
8936,589
8937,176
8938,171
8939,225
8940,208
8941,185
8942,46
8943,213
8944,188
8945,283
8946,174
8947,114
8948,731
8949,283
8950,204
8951,237
8952,219
8953,439
8954,331
8955,151
8956,176
8957,510
8958,195
8959,537
8960,461
8961,132
8962,472
8963,312
8964,205
8965,262
8966,171
8967,172
8968,514
8969,63
8970,148
8971,142
8972,124
8973,158
8974,250
8975,401
8976,193
8977,270
8978,191
8979,552
8980,147
8981,147
8982,436
8983,165
8984,230
8985,178
8986,229
8987,134
8988,616
8989,282
8990,180
8991,176
8992,76
8993,440
8994,138
8995,57
8996,684
8997,134
8998,488
8999,178
9000,130
9001,74
9002,150
9003,231
9004,91
9005,77
9006,130
9007,74
9008,179
9009,74
9010,90
9011,180
9012,236
9013,293
9014,225
9015,49
9016,181
9017,156
9018,75
9019,209
9020,89
9021,87
9022,175
9023,61
9024,178
9025,245
9026,59
9027,125
9028,159
9029,115
9030,699
9031,118
9032,190
9033,159
9034,193
9035,190
9036,109
9037,150
9038,150
9039,206
9040,96
9041,150
9042,157
9043,187
9044,192
9045,248
9046,313
9047,80
9048,199
9049,79
9050,130
9051,224
9052,94
9053,102
9054,72
9055,114
9056,259
9057,164
9058,134
9059,40
9060,167
9061,89
9062,203
9063,219
9064,164
9065,164
9066,565
9067,263
9068,72
9069,255
9070,76
9071,60
9072,283
9073,102
9074,280
9075,270
9076,184
9077,333
9078,180
9079,422
9080,139
9081,158
9082,195
9083,80
9084,193
9085,119
9086,89
9087,254
9088,250
9089,283
9090,166
9091,149
9092,155
9093,229
9094,225
9095,229
9096,300
9097,63
9098,226
9099,153
9100,172
9101,152
9102,107
9103,87
9104,233
9105,235
9106,403
9107,61
9108,157
9109,303
9110,180
9111,196
9112,122
9113,166
9114,132
9115,142
9116,58
9117,144
9118,234
9119,59
9120,186
9121,152
9122,160
9123,257
9124,138
9125,79
9126,257
9127,290
9128,167
9129,52
9130,77
9131,223
9132,132
9133,62
9134,199
9135,84
9136,245
9137,153
9138,181
9139,70
9140,58
9141,160
9142,173
9143,53
9144,328
9145,243
9146,93
9147,120
9148,274
9149,687
9150,82
9151,102
9152,128
9153,138
9154,472
9155,180
9156,190
9157,68
9158,165
9159,50
9160,159
9161,192
9162,228
9163,163
9164,156
9165,142
9166,236
9167,152
9168,84
9169,67
9170,94
9171,173
9172,113
9173,149
9174,647
9175,537
9176,80
9177,72
9178,285
9179,58
9180,147
9181,69
9182,68
9183,196
9184,297
9185,77
9186,148
9187,89
9188,192
9189,170
9190,63
9191,80
9192,201
9193,209
9194,132
9195,192
9196,212
9197,154
9198,143
9199,262
9200,182
9201,131
9202,176
9203,191
9204,297
9205,253
9206,144
9207,282
9208,265
9209,85
9210,204
9211,217
9212,123
9213,292
9214,180
9215,145
9216,78
9217,155
9218,137
9219,170
9220,140
9221,422
9222,407
9223,61
9224,97
9225,137
9226,154
9227,123
9228,171
9229,152
9230,264
9231,480
9232,157
9233,131
9234,236
9235,61
9236,163
9237,208
9238,126
9239,63
9240,73
9241,183
9242,75
9243,177
9244,250
9245,163
9246,168
9247,87
9248,275
9249,74
9250,81
9251,145
9252,555
9253,158
9254,139
9255,536
9256,105
9257,89
9258,65
9259,111
9260,553
9261,79
9262,236
9263,76
9264,219
9265,131
9266,78
9267,157
9268,82
9269,148
9270,199
9271,137
9272,61
9273,156
9274,130
9275,139
9276,60
9277,64
9278,102
9279,321
9280,144
9281,83
9282,201
9283,144
9284,63
9285,148
9286,81
9287,191
9288,124
9289,81
9290,153
9291,290
9292,298
9293,187
9294,646
9295,86
9296,271
9297,213
9298,135
9299,136
9300,141
9301,279
9302,181
9303,245
9304,78
9305,155
9306,67
9307,572
9308,642
9309,192
9310,134
9311,145
9312,168
9313,55
9314,204
9315,128
9316,427
9317,74
9318,149
9319,150
9320,219
9321,71
9322,346
9323,66
9324,171
9325,156
9326,171
9327,67
9328,368
9329,64
9330,142
9331,493
9332,136
9333,87
9334,74
9335,429
9336,59
9337,107
9338,171
9339,174
9340,86
9341,197
9342,298
9343,163
9344,208
9345,142
9346,220
9347,227
9348,185
9349,126
9350,135
9351,226
9352,81
9353,90
9354,181
9355,167
9356,244
9357,291
9358,471
9359,183
9360,204
9361,65
9362,65
9363,174
9364,203
9365,157
9366,113
9367,554
9368,156
9369,302
9370,228
9371,137
9372,114
9373,164
9374,685
9375,914
9376,216
9377,43
9378,184
9379,223
9380,381
9381,360
9382,156
9383,244
9384,62
9385,148
9386,388
9387,176
9388,180
9389,249
9390,240
9391,266
9392,452
9393,116
9394,155
9395,241
9396,66
9397,325
9398,683
9399,144
9400,166
9401,129
9402,131
9403,71
9404,528
9405,233
9406,296
9407,132
9408,442
9409,98
9410,113
9411,178
9412,165
9413,352
9414,69
9415,177
9416,715
9417,61
9418,141
9419,247
9420,48
9421,196
9422,213
9423,313
9424,74
9425,89
9426,341
9427,116
9428,182
9429,186
9430,173
9431,370
9432,166
9433,157
9434,175
9435,56
9436,96
9437,75
9438,138
9439,168
9440,275
9441,249
9442,131
9443,72
9444,156
9445,158
9446,202
9447,214
9448,252
9449,134
9450,93
9451,100
9452,226
9453,67
9454,98
9455,63
9456,48
9457,177
9458,80
9459,177
9460,201
9461,102
9462,81
9463,153
9464,301
9465,117
9466,51
9467,81
9468,215
9469,232
9470,143
9471,182
9472,81
9473,179
9474,145
9475,75
9476,511
9477,158
9478,71
9479,184
9480,211
9481,235
9482,127
9483,222
9484,230
9485,76
9486,64
9487,226
9488,512
9489,209
9490,400
9491,387
9492,70
9493,170
9494,168
9495,115
9496,59
9497,150
9498,98
9499,52
9500,163
9501,77
9502,91
9503,161
9504,288
9505,117
9506,215
9507,149
9508,148
9509,131
9510,203
9511,68
9512,168
9513,68
9514,304
9515,325
9516,61
9517,106
9518,87
9519,144
9520,147
9521,77
9522,60
9523,222
9524,90
9525,164
9526,155
9527,151
9528,57
9529,83
9530,241
9531,488
9532,59
9533,523
9534,76
9535,72
9536,292
9537,264
9538,74
9539,76
9540,233
9541,198
9542,312
9543,180
9544,135
9545,174
9546,86
9547,71
9548,129
9549,137
9550,204
9551,150
9552,107
9553,176
9554,139
9555,57
9556,112
9557,195
9558,67
9559,77
9560,148
9561,164
9562,141
9563,186
9564,280
9565,141
9566,146
9567,56
9568,475
9569,43
9570,140
9571,161
9572,61
9573,144
9574,155
9575,187
9576,227
9577,184
9578,195
9579,262
9580,62
9581,214
9582,290
9583,332
9584,49
9585,266
9586,81
9587,86
9588,55
9589,200
9590,487
9591,126
9592,49
9593,324
9594,175
9595,68
9596,158
9597,69
9598,62
9599,177
9600,246
9601,50
9602,168
9603,713
9604,308
9605,301
9606,79
9607,57
9608,64
9609,65
9610,82
9611,124
9612,87
9613,47
9614,298
9615,189
9616,102
9617,68
9618,98
9619,268
9620,445
9621,823
9622,195
9623,199
9624,225
9625,140
9626,61
9627,274
9628,746
9629,82
9630,136
9631,88
9632,242
9633,143
9634,127
9635,210
9636,208
9637,64
9638,251
9639,50
9640,186
9641,156
9642,83
9643,169
9644,183
9645,201
9646,168
9647,159
9648,295
9649,71
9650,101
9651,102
9652,240
9653,127
9654,184
9655,216
9656,99
9657,98
9658,258
9659,326
9660,228
9661,241
9662,138
9663,238
9664,139
9665,130
9666,163
9667,150
9668,305
9669,141
9670,138
9671,151
9672,171
9673,161
9674,800
9675,189
9676,787
9677,193
9678,193
9679,58
9680,286
9681,173
9682,107
9683,137
9684,192
9685,147
9686,146
9687,133
9688,282
9689,190
9690,266
9691,191
9692,97
9693,92
9694,136
9695,99
9696,195
9697,254
9698,82
9699,323
9700,695
9701,202
9702,162
9703,172
9704,160
9705,120
9706,65
9707,161
9708,70
9709,110
9710,220
9711,177
9712,740
9713,56
9714,217
9715,81
9716,100
9717,137
9718,265
9719,720
9720,148
9721,160
9722,135
9723,208
9724,122
9725,72
9726,285
9727,206
9728,218
9729,66
9730,69
9731,276
9732,690
9733,170
9734,425
9735,121
9736,113
9737,470
9738,166
9739,114
9740,132
9741,74
9742,72
9743,213
9744,153
9745,184
9746,196
9747,170
9748,286
9749,455
9750,65
9751,110
9752,56
9753,175
9754,93
9755,121
9756,175
9757,307
9758,106
9759,135
9760,162
9761,179
9762,482
9763,185
9764,95
9765,137
9766,152
9767,400
9768,292
9769,188
9770,163
9771,159
9772,86
9773,354
9774,76
9775,80
9776,78
9777,87
9778,229
9779,777
9780,301
9781,146
9782,55
9783,59
9784,185
9785,427
9786,63
9787,172
9788,165
9789,81
9790,203
9791,158
9792,80
9793,135
9794,53
9795,277
9796,55
9797,69
9798,60
9799,247
9800,187
9801,162
9802,107
9803,226
9804,240
9805,299
9806,217
9807,167
9808,71
9809,187
9810,278
9811,178
9812,53
9813,196
9814,136
9815,439
9816,66
9817,145
9818,117
9819,226
9820,131
9821,93
9822,138
9823,159
9824,115
9825,138
9826,180
9827,139
9828,71
9829,194
9830,177
9831,158
9832,95
9833,257
9834,64
9835,175
9836,245
9837,530
9838,80
9839,90
9840,76
9841,141
9842,169
9843,238
9844,187
9845,56
9846,96
9847,144
9848,255
9849,177
9850,107
9851,104
9852,169
9853,188
9854,182
9855,130
9856,148
9857,264
9858,56
9859,191
9860,179
9861,136
9862,59
9863,217
9864,145
9865,163
9866,220
9867,299
9868,87
9869,363
9870,70
9871,193
9872,111
9873,213
9874,167
9875,196
9876,115
9877,240
9878,217
9879,233
9880,55
9881,59
9882,118
9883,167
9884,146
9885,180
9886,306
9887,161
9888,198
9889,151
9890,177
9891,83
9892,206
9893,197
9894,93
9895,77
9896,86
9897,329
9898,128
9899,260
9900,216
9901,250
9902,196
9903,90
9904,119
9905,181
9906,389
9907,205
9908,291
9909,75
9910,210
9911,176
9912,80
9913,120
9914,156
9915,205
9916,84
9917,111
9918,211
9919,283
9920,60
9921,125
9922,131
9923,169
9924,79
9925,98
9926,153
9927,189
9928,140
9929,134
9930,578
9931,56
9932,312
9933,217
9934,70
9935,357
9936,141
9937,213
9938,152
9939,49
9940,294
9941,556
9942,162
9943,52
9944,329
9945,362
9946,111
9947,526
9948,172
9949,127
9950,502
9951,75
9952,134
9953,235
9954,202
9955,140
9956,218
9957,75
9958,221
9959,155
9960,137
9961,139
9962,185
9963,106
9964,94
9965,69
9966,377
9967,88
9968,497
9969,57
9970,142
9971,216
9972,60
9973,58
9974,295
9975,212
9976,65
9977,452
9978,190
9979,53
9980,336
9981,186
9982,146
9983,171
9984,205
9985,133
9986,121
9987,218
9988,130
9989,155
9990,205
9991,94
9992,116
9993,258
9994,291
9995,82
9996,160
9997,454
9998,98
9999,172
